{"text": "\u54c8\u54c8\u54c8\u54c8\u54c8\u54c8\u54c8\u54c8\u54c8\u54c8\u54c8\u54c8\u4e09\u70b9\u4e86\u90a3\u5feb\u7761\u89c9\u8d70\u554a \u660e\u5929\u65e9\u8d77\u8fd8\u6709\u5341\u4e8c\u5462\u5feb\u4f60\u80fd\u7761\u7740\u5417\u95ed\u5634\u5feb\u7761 \u660e\u5929\u7edd\u5bf9\u4e0d\u80fd\u5403\u65e9 \u53ea\u80fd\u7761\u56db\u4e2a\u5c0f\u65f6\u4e86\u6211\u6709\u529e\u6cd5\u4e86\u8bf6 \u4f60\u5e72\u561b\u53bb\u4f60\u7a7f\u7740\u8863\u670d\u5e72\u5565\u7a7f\u7740\u8863\u670d\u7761 \u65e9\u4e0a\u8d77\u6765\u76f4\u63a5\u8d70\u80fd\u591a\u7761\u5417\u4e00\u4e2a\u4e86\u6211\u628a\u65e9\u9910\u542b\u5634\u91cc \u65e9\u4e0a\u9192\u6765\u5403\u80fd\u591a\u7761\u5341\u5206\u949f\u6211\u628a\u8c46\u8150\u542b\u5634\u91cc \u591c\u91cc\u78e8\u7259\u65e9\u4e0a\u8d77\u6765\u76f4\u63a5\u559d\u8c46\u6d46\u80fd\u591a\u7761\u5341\u4e94\u5206\u949f\u55ef \u4f60\u5728\u5e72\u561b\u7761\u524d\u628a\u5986\u5316\u4fdd\u9c9c\u819c\u4e0a\u7b2c\u4e8c\u5929\u4e00\u8d34\u76f4\u63a5\u5168\u88c5\u51fa\u95e8\u591a\u7761\u4e00\u5c0f\u65f6\u7761\u524d\u505a\u597d\u53d1\u578b \u4e0d\u538b\u5230\u5934\u53d1 \u591a\u7761\u534a\u5c0f\u65f6\u7761\u524d\u7a7f\u597d\u978b \u7b2c\u4e8c\u5929\u76f4\u63a5\u51fa\u95e8 \u591a\u7761\u4e09\u5206\u949f\u4f60\u8fd9\u8fd8\u662f\u4e0d\u884c\u554a\u90a3\u8fd8\u80fd\u600e\u4e48\u7701\u5417\u8fd9\u91cc\u5f00\u59cb\u65f6\u95f4 \u7761\u9192\u65f6\u95f4\u8fd9\u4e9b\u7ed9\u4f60\u5b89\u5fc3\u554a\u4e03\u70b9\u4e86\u8be5\u8d77\u4e86\u4ef6\u4e8b\u60c5 \u0435\u0449\u0451\u6765\u8e7c\u8dc3 \ud83c\udfb5\u591c\u91cc\u305b et\u591c\u91cc\u30bb\u591c\u91cc carcer\u5361\u0631\u591c\u91cc\u591c\u91cc\u591c\u91cc\u591c\u91cc\u591c\u91cc\u591c\u91cc\u591c\u91cc\u591c\u91cc\u591c\u91cc\u591c\u91cc\u591c\u91cc\u591c\u91cc", "segments": [{"id": 0, "seek": 0, "start": 0.0, "end": 2.0, "text": "\u54c8\u54c8\u54c8\u54c8\u54c8\u54c8", "tokens": [50365, 15964, 15964, 15964, 50465], "temperature": 0.0, "avg_logprob": -0.24884539637072334, "compression_ratio": 1.3948717948717948, "no_speech_prob": 0.14556916058063507}, {"id": 1, "seek": 0, "start": 2.0, "end": 4.0, "text": "\u54c8\u54c8\u54c8\u54c8\u54c8\u54c8", "tokens": [50465, 15964, 15964, 15964, 50565], "temperature": 0.0, "avg_logprob": -0.24884539637072334, "compression_ratio": 1.3948717948717948, "no_speech_prob": 0.14556916058063507}, {"id": 2, "seek": 0, "start": 4.0, "end": 6.0, "text": "\u4e09\u70b9\u4e86", "tokens": [50565, 10960, 12579, 2289, 50665], "temperature": 0.0, "avg_logprob": -0.24884539637072334, "compression_ratio": 1.3948717948717948, "no_speech_prob": 0.14556916058063507}, {"id": 3, "seek": 0, "start": 6.0, "end": 8.0, "text": "\u90a3\u5feb\u7761\u89c9\u8d70\u554a \u660e\u5929\u65e9\u8d77\u8fd8\u6709\u5341\u4e8c\u5462", "tokens": [50665, 4184, 10251, 40490, 24447, 9575, 4905, 220, 11100, 6135, 21176, 9147, 35091, 20145, 11217, 6240, 50765], "temperature": 0.0, "avg_logprob": -0.24884539637072334, "compression_ratio": 1.3948717948717948, "no_speech_prob": 0.14556916058063507}, {"id": 4, "seek": 0, "start": 8.0, "end": 10.0, "text": "\u5feb", "tokens": [50765, 10251, 50865], "temperature": 0.0, "avg_logprob": -0.24884539637072334, "compression_ratio": 1.3948717948717948, "no_speech_prob": 0.14556916058063507}, {"id": 5, "seek": 0, "start": 12.0, "end": 13.0, "text": "\u4f60\u80fd\u7761\u7740\u5417", "tokens": [50965, 2166, 8225, 40490, 20708, 14769, 51015], "temperature": 0.0, "avg_logprob": -0.24884539637072334, "compression_ratio": 1.3948717948717948, "no_speech_prob": 0.14556916058063507}, {"id": 6, "seek": 0, "start": 13.0, "end": 16.0, "text": "\u95ed\u5634\u5feb\u7761 \u660e\u5929\u7edd\u5bf9\u4e0d\u80fd\u5403\u65e9 \u53ea\u80fd\u7761\u56db\u4e2a\u5c0f\u65f6\u4e86", "tokens": [51015, 8259, 255, 10756, 112, 10251, 40490, 220, 11100, 6135, 10115, 251, 8713, 28590, 10123, 21176, 220, 14003, 8225, 40490, 19425, 7549, 7322, 15729, 2289, 51165], "temperature": 0.0, "avg_logprob": -0.24884539637072334, "compression_ratio": 1.3948717948717948, "no_speech_prob": 0.14556916058063507}, {"id": 7, "seek": 0, "start": 16.0, "end": 18.0, "text": "\u6211\u6709\u529e\u6cd5\u4e86", "tokens": [51165, 39732, 39453, 11148, 2289, 51265], "temperature": 0.0, "avg_logprob": -0.24884539637072334, "compression_ratio": 1.3948717948717948, "no_speech_prob": 0.14556916058063507}, {"id": 8, "seek": 0, "start": 18.0, "end": 20.0, "text": "\u8bf6 \u4f60\u5e72\u561b\u53bb", "tokens": [51265, 5233, 114, 10930, 26111, 20722, 6734, 51365], "temperature": 0.0, "avg_logprob": -0.24884539637072334, "compression_ratio": 1.3948717948717948, "no_speech_prob": 0.14556916058063507}, {"id": 9, "seek": 0, "start": 20.0, "end": 22.0, "text": "\u4f60\u7a7f\u7740\u8863\u670d\u5e72\u5565", "tokens": [51365, 2166, 13740, 123, 20708, 9890, 96, 27408, 26111, 3284, 98, 51465], "temperature": 0.0, "avg_logprob": -0.24884539637072334, "compression_ratio": 1.3948717948717948, "no_speech_prob": 0.14556916058063507}, {"id": 10, "seek": 0, "start": 22.0, "end": 24.0, "text": "\u7a7f\u7740\u8863\u670d\u7761 \u65e9\u4e0a\u8d77\u6765\u76f4\u63a5\u8d70\u80fd\u591a\u7761\u5417", "tokens": [51465, 13740, 123, 20708, 9890, 96, 27408, 40490, 220, 21176, 5708, 9147, 6912, 43297, 9575, 8225, 6392, 40490, 14769, 51565], "temperature": 0.0, "avg_logprob": -0.24884539637072334, "compression_ratio": 1.3948717948717948, "no_speech_prob": 0.14556916058063507}, {"id": 11, "seek": 2400, "start": 24.0, "end": 30.0, "text": "\u4e00\u4e2a\u4e86", "tokens": [50365, 20182, 2289, 50665], "temperature": 0.0, "avg_logprob": -0.14681142404538775, "compression_ratio": 1.2950819672131149, "no_speech_prob": 0.0019260984845459461}, {"id": 12, "seek": 2400, "start": 30.0, "end": 32.0, "text": "\u6211\u628a\u65e9\u9910\u542b\u5634\u91cc \u65e9\u4e0a\u9192\u6765\u5403\u80fd\u591a\u7761\u5341\u5206\u949f", "tokens": [50665, 1654, 16075, 21176, 22217, 238, 2392, 104, 10756, 112, 15759, 220, 21176, 5708, 40796, 6912, 10123, 8225, 6392, 40490, 20145, 6627, 50064, 50765], "temperature": 0.0, "avg_logprob": -0.14681142404538775, "compression_ratio": 1.2950819672131149, "no_speech_prob": 0.0019260984845459461}, {"id": 13, "seek": 2400, "start": 36.0, "end": 38.0, "text": "\u6211\u628a\u8c46\u8150\u542b\u5634\u91cc \u591c\u91cc\u78e8\u7259", "tokens": [50965, 1654, 16075, 45169, 21184, 238, 2392, 104, 10756, 112, 15759, 220, 30124, 15759, 163, 13033, 6935, 247, 51065], "temperature": 0.0, "avg_logprob": -0.14681142404538775, "compression_ratio": 1.2950819672131149, "no_speech_prob": 0.0019260984845459461}, {"id": 14, "seek": 2400, "start": 38.0, "end": 40.0, "text": "\u65e9\u4e0a\u8d77\u6765\u76f4\u63a5\u559d\u8c46\u6d46", "tokens": [51065, 21176, 5708, 9147, 6912, 43297, 26784, 45169, 11038, 228, 51165], "temperature": 0.0, "avg_logprob": -0.14681142404538775, "compression_ratio": 1.2950819672131149, "no_speech_prob": 0.0019260984845459461}, {"id": 15, "seek": 2400, "start": 40.0, "end": 42.0, "text": "\u80fd\u591a\u7761\u5341\u4e94\u5206\u949f", "tokens": [51165, 8225, 6392, 40490, 20145, 21001, 6627, 50064, 51265], "temperature": 0.0, "avg_logprob": -0.14681142404538775, "compression_ratio": 1.2950819672131149, "no_speech_prob": 0.0019260984845459461}, {"id": 16, "seek": 2400, "start": 42.0, "end": 44.0, "text": "\u55ef \u4f60\u5728\u5e72\u561b", "tokens": [51265, 21206, 10930, 3581, 26111, 20722, 51365], "temperature": 0.0, "avg_logprob": -0.14681142404538775, "compression_ratio": 1.2950819672131149, "no_speech_prob": 0.0019260984845459461}, {"id": 17, "seek": 2400, "start": 44.0, "end": 46.0, "text": "\u7761\u524d\u628a\u5986\u5316\u4fdd\u9c9c\u819c\u4e0a", "tokens": [51365, 40490, 8945, 16075, 5648, 228, 23756, 24302, 165, 110, 250, 39708, 250, 5708, 51465], "temperature": 0.0, "avg_logprob": -0.14681142404538775, "compression_ratio": 1.2950819672131149, "no_speech_prob": 0.0019260984845459461}, {"id": 18, "seek": 2400, "start": 46.0, "end": 48.0, "text": "\u7b2c\u4e8c\u5929\u4e00\u8d34\u76f4\u63a5\u5168\u88c5\u51fa\u95e8\u591a\u7761\u4e00\u5c0f\u65f6",